{
 "metric": "claims",
 "summary": {
  "n_resolved": 1,
  "coverage_80": 1.0,
  "mae": 6756.841050400428,
  "bias": -6756.841050400428
 },
 "rows": [
  {
   "period": "2026-07-04",
   "p10": 208847.79415490953,
   "p50": 221756.84105040043,
   "p90": 235525.037683394,
   "actual": 215000.0,
   "error": -6756.841050400428,
   "in_interval": true
  }
 ]
}